EMPLOYEE_ID,FIRST_NAME,LAST_NAME,EMAIL
100,Steven,King,SKING
101,Neena,Kochhar,NKOCHHAR
102,Lex,De Haan,LDEHAAN
103,Alexander,Hunold,AHUNOLD
104,Bruce,Ernst,BERNST
105,David,Austin,DAUSTIN
106,Valli,Pataballa,VPATABAL
107,Diana,Lorentz,DLORENTZ
108,Nancy,Greenberg,NGREENBE
109,Daniel,Faviet,DFAVIET
110,John,Chen,JCHEN
111,Ismael,Sciarra,ISCIARRA
112,Jose Manuel,Urman,JMURMAN
113,Luis,Popp,LPOPP
114,Den,Raphaely,DRAPHEAL
115,Alexander,Khoo,AKHOO
116,Shelli,Baida,SBAIDA
117,Sigal,Tobias,STOBIAS
118,Guy,Himuro,GHIMURO
119,Karen,Colmenares,KCOLMENA
120,Matthew,Weiss,MWEISS
121,Adam,Fripp,AFRIPP
122,Payam,Kaufling,PKAUFLIN
123,Shanta,Vollman,SVOLLMAN
124,Kevin,Mourgos,KMOURGOS
125,Julia,Nayer,JNAYER
126,Irene,Mikkilineni,IMIKKILI
127,James,Landry,JLANDRY
128,Steven,Markle,SMARKLE
129,Laura,Bissot,LBISSOT
130,Mozhe,Atkinson,MATKINSO
131,James,Marlow,JAMRLOW
132,TJ,Olson,TJOLSON
133,Jason,Mallin,JMALLIN
134,Michael,Rogers,MROGERS
135,Ki,Gee,KGEE
136,Hazel,Philtanker,HPHILTAN
137,Renske,Ladwig,RLADWIG
138,Stephen,Stiles,SSTILES
139,John,Seo,JSEO
140,Joshua,Patel,JPATEL
141,Trenna,Rajs,TRAJS
142,Curtis,Davies,CDAVIES
143,Randall,Matos,RMATOS
144,Peter,Vargas,PVARGAS
145,John,Russell,JRUSSEL
146,Karen,Partners,KPARTNER
147,Alberto,Errazuriz,AERRAZUR
148,Gerald,Cambrault,GCAMBRAU
149,Eleni,Zlotkey,EZLOTKEY
150,Peter,Tucker,PTUCKER
151,David,Bernstein,DBERNSTE
152,Peter,Hall,PHALL
153,Christopher,Olsen,COLSEN
154,Nanette,Cambrault,NCAMBRAU
155,Oliver,Tuvault,OTUVAULT
156,Janette,King,JKING
157,Patrick,Sully,PSULLY
158,Allan,McEwen,AMCEWEN
159,Lindsey,Smith,LSMITH
160,Louise,Doran,LDORAN
161,Sarath,Sewall,SSEWALL
162,Clara,Vishney,CVISHNEY
163,Danielle,Greene,DGREENE
164,Mattea,Marvins,MMARVINS
165,David,Lee,DLEE
166,Sundar,Ande,SANDE
167,Amit,Banda,ABANDA
168,Lisa,Ozer,LOZER
169,Harrison,Bloom,HBLOOM
170,Tayler,Fox,TFOX
171,William,Smith,WSMITH
172,Elizabeth,Bates,EBATES
173,Sundita,Kumar,SKUMAR
174,Ellen,Abel,EABEL
175,Alyssa,Hutton,AHUTTON
176,Jonathon,Taylor,JTAYLOR
177,Jack,Livingston,JLIVINGS
178,Kimberely,Grant,KGRANT
179,Charles,Johnson,CJOHNSON
180,Winston,Taylor,WTAYLOR
181,Jean,Fleaur,JFLEAUR
182,Martha,Sullivan,MSULLIVA
183,Girard,Geoni,GGEONI
184,Nandita,Sarchand,NSARCHAN
185,Alexis,Bull,ABULL
186,Julia,Dellinger,JDELLING
187,Anthony,Cabrio,ACABRIO
188,Kelly,Chung,KCHUNG
189,Jennifer,Dilly,JDILLY
190,Timothy,Gates,TGATES
191,Randall,Perkins,RPERKINS
192,Sarah,Bell,SBELL
193,Britney,Everett,BEVERETT
194,Samuel,McCain,SMCCAIN
195,Vance,Jones,VJONES
196,Alana,Walsh,AWALSH
197,Kevin,Feeney,KFEENEY
198,Donald,OConnell,DOCONNEL
199,Douglas,Grant,DGRANT
200,Jennifer,Whalen,JWHALEN
201,Michael,Hartstein,MHARTSTE
202,Pat,Fay,PFAY
203,Susan,Mavris,SMAVRIS
204,Hermann,Baer,HBAER
205,Shelley,Higgins,SHIGGINS
206,William,Gietz,WGIETZ
